emisor,periodo,ebitda,deuda_cp,deuda_lp,gastos_financieros,caja,ingresos,ebitda_imputado
CELSIA,2021Q1,234477955.0,498103938.0,3720381124.0,71337951.0,283111862.0,980476205.0,False
CELSIA,2021Q2,220002579.0,952113067.0,3380203642.0,77277228.0,236749189.0,939896770.0,False
CELSIA,2021Q3,231371012.0,875461590.0,3664213582.0,81750412.0,281513510.0,977714697.0,False
CELSIA,2021Q4,282024909.0,492082966.0,3982114327.0,90706706.0,252799348.0,1212647654.0,False
CELSIA,2022Q1,350653435.0,671874828.0,4147482528.0,97610691.0,288213422.0,1309468303.0,False
CELSIA,2022Q2,377908812.0,834403562.0,4320941831.0,115285777.0,160085304.0,1208005340.0,False
CELSIA,2022Q3,327789060.0,1129105120.0,4564857798.0,158071501.0,208156783.0,1299873398.0,False
CELSIA,2022Q4,316018580.0,495008025.0,4284639170.0,257176121.0,211739341.0,1767199230.0,False
CELSIA,2023Q1,428862152.0,362925587.0,4500184220.0,232623428.0,270293794.0,1506530375.0,False
CELSIA,2023Q2,387744921.0,749987402.0,4204986919.0,223603821.0,224496433.0,1584709655.0,False
CELSIA,2023Q3,335628435.0,907321036.0,4103223979.0,221822530.0,116410056.0,1481331325.0,False
CELSIA,2023Q4,266017681.0,997575591.0,3991482161.0,195260831.0,556498126.0,1657350300.0,False
CELSIA,2024Q1,210878510.0,1702271563.0,3644641830.0,176950404.0,585052154.0,1375395723.0,False
CELSIA,2024Q2,343605809.0,1688157051.0,3639233046.0,185281421.0,334391775.0,1925126511.0,False
CELSIA,2024Q3,268967546.0,1765299028.0,3655375933.0,156661180.0,214523339.0,1408393402.0,False
CELSIA,2024Q4,256560886.0,1675906190.0,3901979706.0,169399098.0,215728381.0,2097752982.0,False
CELSIA,2025Q1,365135883.0,2270336147.0,3727961364.0,181833494.0,210237138.0,1450536298.0,False
CELSIA,2025Q2,333298031.0,2554728886.0,3506568118.0,174570924.0,249815244.0,1316042071.0,False
CELSIA,2025Q3,276666150.0,2812599892.0,3203680395.0,169103627.0,764254977.0,1297344100.0,False
CELSIA,2025Q4,208415910.0,1084895364.0,3926018001.0,153921441.0,284327265.0,1966169487.0,False
CELSIA,2026Q1,262021459.0,771038391.0,4525871624.0,155487024.0,416352834.0,1271194518.0,False
CELSIA,2026Q2,280134515.0,1022078413.0,4187624780.0,173473012.0,300842395.0,1351170684.0,False
ENEL,2021Q2,998725395.9562219,761016783.0,1857934362.0,77388186.0,454144255.0,2148435315.0,True
ENEL,2021Q3,593244323.8939711,985529797.0,1582698691.0,52325299.0,383394002.0,1276173672.0,True
ENEL,2021Q4,603425910.913239,632995321.0,1771817266.0,52586290.0,213701458.0,1298076070.0,True
ENEL,2022Q1,1000363705.0,2191149126.0,4628401211.0,93272511.0,2020350242.0,1953518671.0,False
ENEL,2022Q2,1504601094.5405457,1858560257.0,5317712456.0,191315830.0,2067277814.0,3236663591.0,True
ENEL,2022Q3,1451313839.429904,1633974228.0,5677009322.0,218128542.0,2265079365.0,3122033262.0,True
ENEL,2022Q4,1760915275.15127,1533889089.0,5930600508.0,271478395.0,1215342798.0,3788040816.0,True
ENEL,2023Q1,1537202567.0,1186089885.0,5832935620.0,298279466.0,2050304092.0,3772836174.0,False
ENEL,2023Q2,1893594290.2129452,1763980530.0,6120098733.0,612064292.0,2298558430.0,4073456890.0,True
ENEL,2023Q3,2064285833.6991184,2648822221.0,5766597579.0,284734273.0,1203984038.0,4440644649.0,True
ENEL,2023Q4,2004557525.3322916,2180692213.0,7252382536.0,322036189.0,1629477082.0,4312158473.0,True
ENEL,2024Q1,1716890706.0,1493660753.0,7777848707.0,328963822.0,1276575643.0,4087089512.0,False
ENEL,2024Q2,1942504334.121298,1584088282.0,7528939783.0,307682864.0,1159490807.0,4178671062.0,True
ENEL,2024Q3,1937562833.2863371,1590142102.0,7083411067.0,281605222.0,1048100747.0,4168041018.0,True
ENEL,2024Q4,2088581122.648624,2043751158.0,8099894923.0,289983055.0,1263347284.0,4492908121.0,True
ENEL,2025Q1,1981181094.0,1611897869.0,8035100677.0,304796429.0,1488836566.0,4056981780.0,False
ENEL,2025Q2,1815334260.8250453,1555060995.0,7482482072.0,471481945.0,1302068948.0,3905105698.0,True
ENEL,2025Q3,1878337382.6073248,1345385352.0,7912831294.0,324348829.0,1288225488.0,4040636578.0,True
ENEL,2025Q4,1810452339.9257379,1454233377.0,8580518024.0,297131493.0,1150701653.0,3894603821.0,True
ENEL,2026Q1,1891024603.0,1510175114.0,8453490688.0,301988368.0,1806725574.0,3809700510.0,False
ENEL,2026Q2,2065679711.8883445,1089972334.0,8275820654.0,358755289.0,2007466393.0,4443643128.0,True
EPM,2021Q1,1482806055.33926,4419226157.0,7589679914.0,336317772.0,3926707930.0,5547344514.0,False
EPM,2021Q2,1443922541.87076,4502127611.0,6956865877.0,350772644.0,3182841975.0,6035322306.0,False
EPM,2021Q3,1699941966.24398,3481416776.0,7483851582.0,358479791.0,3714046447.0,6444618273.0,False
EPM,2021Q4,1321216371.7251198,3121672918.0,22644118525.2,385275115.0,4019511369.0,6804361860.0,False
EPM,2022Q1,2101416889.36802,3172694196.0,7655068402.0,417102382.0,5516599227.0,7243557307.0,False
EPM,2022Q2,1855154246.00786,3666513810.0,8114649689.0,541734759.0,3409937681.0,7682063332.0,False
EPM,2022Q3,2026898777.4406204,4166641061.0,8214532095.0,618130676.0,3338382867.0,8340739378.0,False
EPM,2022Q4,2075974742.1475,3594077514.0,25896191126.093,707913847.0,4038679643.0,8462047899.0,False
EPM,2023Q1,2471296945.257,3578457817.0,9423823469.0,747346219.0,3370906455.0,8932838641.0,False
EPM,2023Q2,2356096509.6330004,3409259477.0,8741219626.0,807427628.0,2104704511.0,9113068383.0,False
EPM,2023Q3,1705173818.0001097,3856645723.0,9983902818.0,773783885.0,2889422916.0,9127855042.0,False
EPM,2023Q4,1432524579.51967,4747245719.0,23129694481.212,938523943.0,3244471737.0,9965324754.0,False
EPM,2024Q1,2938291888.1508303,5016086633.0,10538161073.0,848596514.0,4852133092.0,9945009146.0,False
EPM,2024Q2,2565436659.3504496,4795253133.0,12159165150.0,1167169615.0,3941198835.0,9802077612.0,False
EPM,2024Q3,2375184205.5166206,2649989005.0,13221706324.0,876159152.0,2689953964.0,9749583403.0,False
EPM,2024Q4,1452253812.1440997,2680443957.0,29182836470.76,618963470.0,2817912216.0,10121009704.0,False
EPM,2025Q1,2373595901.387565,2891325444.0,14992367331.0,868304118.0,2508565551.0,9273158853.0,False
EPM,2025Q2,2205385733.014419,2201635496.0,16259629548.0,901362101.0,3939314411.0,9514347597.0,False
EPM,2025Q3,1814174399.598016,2240505874.0,15996870214.0,867372214.0,3511302083.0,9657116390.0,False
EPM,2025Q4,4083065535.0,4276700122.0,15278416043.0,897389070.0,4339444923.0,9673215733.0,False
EPM,2026Q1,2619055392.25,4344637631.0,15581720476.0,967118243.0,7865332571.0,9054868690.0,True
EPM,2026Q2,2619055392.25,3383665863.0,14803692091.0,1003249980.0,4949228834.0,10212590186.0,True
ISA,2021Q1,1497487704.0,1586526485.0,22385117413.0,352214757.0,3437159486.0,2365046371.0,False
ISA,2021Q2,1865254332.0,2772660408.0,23361383122.0,403227513.0,4745205878.0,2806005699.0,False
ISA,2021Q3,1839387530.0,3029718456.0,23906514742.0,830948449.0,4967286514.0,2874830708.0,False
ISA,2021Q4,1790103881.0,2866266646.0,25074175073.0,518092046.0,4686462259.0,3071054244.0,False
ISA,2022Q1,1765224727.0,2581547298.0,25388201631.0,540479587.0,4768416675.0,2764782659.0,False
ISA,2022Q2,2016904628.0,2034434792.0,26868429850.0,651950216.0,4766463631.0,3255959458.0,False
ISA,2022Q3,2088523692.0,1866501570.0,29676480339.0,556971016.0,5007942247.0,3556792322.0,False
ISA,2022Q4,1896104101.0,2080458138.0,32089642315.0,633957298.0,5369349875.0,3778470502.0,False
ISA,2023Q1,2392117224.0,2370843589.0,32475669629.0,688810374.0,6691898598.0,3911312898.0,False
ISA,2023Q2,2244966060.0,4093471583.0,28508160911.0,543628562.0,4449949695.0,3547143361.0,False
ISA,2023Q3,1838986542.0,4241385389.0,27143334597.0,576457499.0,4568115996.0,3156317470.0,False
ISA,2023Q4,1653245607.0,2477275894.0,28516340119.0,614595394.0,4071927866.0,3556685342.0,False
ISA,2024Q1,2043430864.0,1981022724.0,29127826237.0,531703845.0,4911704339.0,3668339506.0,False
ISA,2024Q2,1587931198.0,2673395140.0,30148148310.0,556958583.0,4668994221.0,3427147182.0,False
ISA,2024Q3,2687195630.0,2897208354.0,30607514527.0,558832578.0,4483589154.0,3521058168.0,False
ISA,2024Q4,1658234205.0,2491673186.0,31813938812.0,614768877.0,5924486853.0,4318206139.0,False
ISA,2025Q1,1967266031.0,2815301804.0,32344413729.0,566927704.0,4988762155.0,4011697406.0,False
ISA,2025Q2,1211253283.0,1613563150.0,32507892372.0,608136241.0,4024010837.0,3342790127.0,False
ISA,2025Q3,2070321990.0,1644926681.0,32437791918.0,678773166.0,4597898927.0,4041347196.0,False
ISA,2025Q4,1711339365.0,1753653649.0,32037263840.0,660065279.0,4466147938.0,4522170834.0,False
ISA,2026Q1,1761866750.0,2913690276.0,30831249168.0,695194494.0,3628266751.0,3860047398.0,False
ISA,2026Q2,2177564113.0,1015471158.0,33183576658.0,694653797.0,3724781926.0,4735233884.0,False
ISAGEN,2021Q1,459196491.383,174877706.983,8757568742.49,164914670.031,108113193.912,805979154.76,False
ISAGEN,2021Q2,450984292.284,197645708.514,9767853027.295,178294561.911,410046175.955,784777154.223,False
ISAGEN,2021Q3,495900439.235,190697199.525,9244343410.062,189320882.489,141521858.969,861889662.979,False
ISAGEN,2021Q4,616077360.43,232182419.714,10567522274.178,199457653.903,172826714.418,1028862092.395,False
ISAGEN,2022Q1,793724070.202,245345867.442,10628345591.587,250780697.205,735488724.937,1192692033.682,False
ISAGEN,2022Q2,641597871.463,497603207.576,12537548787.731,277927827.717,188145184.503,1072715249.51,False
ISAGEN,2022Q3,749632503.038,758892669.818,12625968878.926,383329446.012,376280998.903,1187979425.2,False
ISAGEN,2022Q4,797311181.772,736513775.945,12321976096.707,405541864.746,309200445.391,1363603221.198,False
ISAGEN,2023Q1,888499070.026,833030608.347,12238443549.151,426573157.069,860465935.258,1347150772.221,False
ISAGEN,2023Q2,762141147.648,506588618.191,12271773645.651,467760850.813,232487176.032,1288627772.697,False
ISAGEN,2023Q3,621477333.751,775601679.011,11902952340.24,491573380.771,222785919.957,1326629461.35,False
ISAGEN,2023Q4,653526277.024,747995019.565,12356313253.227,484091522.781,220352378.389,1560954192.927,False
ISAGEN,2024Q1,662036392.774,1156085982.36,11947010642.85,465291664.787,225762797.748,1349620589.114,False
ISAGEN,2024Q2,457997071.291,1280948082.691,12631040975.262,453796958.529,318568477.283,1239180670.471,False
ISAGEN,2024Q3,817443948.718,787498580.666,12610806415.403,470287644.534,152653779.019,1581406297.089,False
ISAGEN,2024Q4,825604582.402,749153869.682,12690786193.43,451833001.576,447197055.71,1925493480.858,False
ISAGEN,2025Q1,880225847.582,465818561.672,13091082078.242,430075689.387,405756911.21,1425880545.999,False
ISAGEN,2025Q2,580281448.051,890965919.803,13644013092.091,488623622.257,111346682.365,1130676565.897,False
ISAGEN,2025Q3,737587935.212,864079748.279,13524416243.707,446629126.371,229542936.427,1290956857.592,False
ISAGEN,2025Q4,701447417.189,886284555.185,13281606088.925,473340448.45,173857066.077,1380008616.935,False
ISAGEN,2026Q1,590123400.41,863508327.891,14084219313.145,540238769.674,938597708.191,1167110709.85,False
ISAGEN,2026Q2,809332002.099,1172181989.138,13445289484.226,661133338.755,287142418.911,1510133214.21,False
